id,Mobile_Theme
Img1011.jpg,Typography
Img10185.jpg,Comics_and_Cartoons
Img10186.jpg,Graffiti_and_Illustrations
Img10187.jpg,Graffiti_and_Illustrations
Img10188.jpg,Graffiti_and_Illustrations
Img10189.jpg,Nature
Img10190.jpg,Graffiti_and_Illustrations
Img10191.jpg,Nature
Img10192.jpg,Nature
Img10194.jpg,Nature
Img10195.jpg,Patterns_and_Ethnic
Img10196.jpg,Graffiti_and_Illustrations
Img10197.jpg,Graffiti_and_Illustrations
Img10199.jpg,Patterns_and_Ethnic
Img1019.jpg,Typography
Img10200.jpg,Graffiti_and_Illustrations
Img10201.jpg,Graffiti_and_Illustrations
Img10205.jpg,Graffiti_and_Illustrations
Img10207.jpg,Graffiti_and_Illustrations
Img10208.jpg,Graffiti_and_Illustrations
Img10211.jpg,Graffiti_and_Illustrations
Img10212.jpg,Graffiti_and_Illustrations
Img10213.jpg,Graffiti_and_Illustrations
Img10214.jpg,Nature
Img10215.jpg,Graffiti_and_Illustrations
Img10216.jpg,Signs_and_Symbols
Img10217.jpg,Patterns_and_Ethnic
Img10218.jpg,Nature
Img10221.jpg,Patterns_and_Ethnic
Img10222.jpg,Graffiti_and_Illustrations
Img10223.jpg,Graffiti_and_Illustrations
Img10224.jpg,Patterns_and_Ethnic
Img10225.jpg,Nature
Img10227.jpg,Graffiti_and_Illustrations
Img10228.jpg,Graffiti_and_Illustrations
Img10229.jpg,Nature
Img10230.jpg,Graffiti_and_Illustrations
Img10232.jpg,Graffiti_and_Illustrations
Img10233.jpg,Nature
Img10234.jpg,Graffiti_and_Illustrations
Img10237.jpg,Nature
Img10238.jpg,Graffiti_and_Illustrations
Img10239.jpg,Nature
Img1023.jpg,Typography
Img10240.jpg,Graffiti_and_Illustrations
Img10241.jpg,Graffiti_and_Illustrations
Img10242.jpg,Graffiti_and_Illustrations
Img10243.jpg,Graffiti_and_Illustrations
Img10244.jpg,Graffiti_and_Illustrations
Img1030.jpg,Typography
Img1033.jpg,Typography
Img1034.jpg,Typography
Img1037.jpg,Typography
Img103.jpg,Typography
Img1040.jpg,Typography
Img1042.jpg,Typography
Img1043.jpg,Typography
Img1044.jpg,Typography
Img1045.jpg,Typography
Img10569.jpg,Graffiti_and_Illustrations
Img10570.jpg,Graffiti_and_Illustrations
Img10571.jpg,Graffiti_and_Illustrations
Img10572.jpg,Graffiti_and_Illustrations
Img10573.jpg,Graffiti_and_Illustrations
Img10574.jpg,Graffiti_and_Illustrations
Img10575.jpg,Graffiti_and_Illustrations
Img10576.jpg,Graffiti_and_Illustrations
Img10577.jpg,Graffiti_and_Illustrations
Img10578.jpg,Graffiti_and_Illustrations
Img10579.jpg,Spiritual
Img10580.jpg,Graffiti_and_Illustrations
Img10581.jpg,Nature
Img10582.jpg,Graffiti_and_Illustrations
Img10583.jpg,Graffiti_and_Illustrations
Img10584.jpg,Music
Img10585.jpg,Graffiti_and_Illustrations
Img10586.jpg,Graffiti_and_Illustrations
Img10587.jpg,Graffiti_and_Illustrations
Img10588.jpg,Typography
Img10589.jpg,Graffiti_and_Illustrations
Img10591.jpg,Graffiti_and_Illustrations
Img10592.jpg,Graffiti_and_Illustrations
Img10593.jpg,Graffiti_and_Illustrations
Img10594.jpg,Graffiti_and_Illustrations
Img10595.jpg,Automobile
Img10596.jpg,Graffiti_and_Illustrations
Img10597.jpg,Graffiti_and_Illustrations
Img10598.jpg,Graffiti_and_Illustrations
Img10599.jpg,Graffiti_and_Illustrations
Img10600.jpg,Graffiti_and_Illustrations
Img10601.jpg,Graffiti_and_Illustrations
Img10602.jpg,Graffiti_and_Illustrations
Img10603.jpg,Automobile
Img10604.jpg,Nature
Img10605.jpg,Graffiti_and_Illustrations
Img10606.jpg,Graffiti_and_Illustrations
Img10607.jpg,Graffiti_and_Illustrations
Img10608.jpg,Graffiti_and_Illustrations
Img10609.jpg,Graffiti_and_Illustrations
Img10610.jpg,Graffiti_and_Illustrations
Img10611.jpg,Graffiti_and_Illustrations
Img10612.jpg,Graffiti_and_Illustrations
Img10613.jpg,Nature
Img1061.jpg,Vintage
Img10677.jpg,Graffiti_and_Illustrations
Img10678.jpg,Graffiti_and_Illustrations
Img1067.jpg,Patterns_and_Ethnic
Img1068.jpg,Patterns_and_Ethnic
Img1074.jpg,Nature
Img1078.jpg,Vintage
Img1086.jpg,Signs_and_Symbols
Img1087.jpg,Signs_and_Symbols
Img10953.jpg,Patterns_and_Ethnic
Img10956.jpg,Superheroes
Img10958.jpg,Spiritual
Img10960.jpg,Graffiti_and_Illustrations
Img10969.jpg,Graffiti_and_Illustrations
Img10971.jpg,Graffiti_and_Illustrations
Img10972.jpg,Nature
Img10973.jpg,Movies_and_TV_shows
Img10974.jpg,Nature
Img10975.jpg,Comics_and_Cartoons
Img10976.jpg,Graffiti_and_Illustrations
Img10977.jpg,Graffiti_and_Illustrations
Img10978.jpg,Graffiti_and_Illustrations
Img10979.jpg,Comics_and_Cartoons
Img10981.jpg,Graffiti_and_Illustrations
Img10983.jpg,Graffiti_and_Illustrations
Img10984.jpg,Typography
Img10985.jpg,Graffiti_and_Illustrations
Img10986.jpg,Movies_and_TV_shows
Img10987.jpg,Graffiti_and_Illustrations
Img10988.jpg,Graffiti_and_Illustrations
Img10990.jpg,Signs_and_Symbols
Img10991.jpg,Graffiti_and_Illustrations
Img10992.jpg,Graffiti_and_Illustrations
Img10994.jpg,Graffiti_and_Illustrations
Img10995.jpg,Graffiti_and_Illustrations
Img10997.jpg,Nature
Img1100.jpg,Patterns_and_Ethnic
Img1101.jpg,Signs_and_Symbols
Img1103.jpg,Patterns_and_Ethnic
Img1107.jpg,Typography
Img1110.jpg,Signs_and_Symbols
Img1111.jpg,Nature
Img1116.jpg,Signs_and_Symbols
Img111.jpg,Typography
Img1126.jpg,Nature
Img113.jpg,Typography
Img1142.jpg,Signs_and_Symbols
Img1150.jpg,Comics_and_Cartoons
Img1158.jpg,Comics_and_Cartoons
Img1171.jpg,Signs_and_Symbols
Img1186.jpg,Signs_and_Symbols
Img1191.jpg,Nature
Img1192.jpg,Nature
Img1210.jpg,Signs_and_Symbols
Img1214.jpg,Festivals_and_Occasions
Img1216.jpg,Signs_and_Symbols
Img1231.jpg,Signs_and_Symbols
Img1234.jpg,Signs_and_Symbols
Img1238.jpg,Signs_and_Symbols
Img1241.jpg,Nature
Img1248.jpg,Signs_and_Symbols
Img124.jpg,Typography
Img1270.jpg,Signs_and_Symbols
Img1279.jpg,Signs_and_Symbols
Img1282.jpg,Vintage
Img1284.jpg,Festivals_and_Occasions
Img1286.jpg,Signs_and_Symbols
Img1289.jpg,Sports
Img1294.jpg,Superheroes
Img1301.jpg,Automobile
Img1305.jpg,Signs_and_Symbols
Img1306.jpg,Festivals_and_Occasions
Img1309.jpg,Typography
Img1312.jpg,Festivals_and_Occasions
Img1331.jpg,Music
Img1333.jpg,Signs_and_Symbols
Img1338.jpg,Spiritual
Img1339.jpg,Nature
Img1347.jpg,Signs_and_Symbols
Img134.jpg,Patterns_and_Ethnic
Img1350.jpg,Signs_and_Symbols
Img1351.jpg,Signs_and_Symbols
Img1362.jpg,Patterns_and_Ethnic
Img1364.jpg,Patterns_and_Ethnic
Img1366.jpg,Patterns_and_Ethnic
Img1367.jpg,Patterns_and_Ethnic
Img1372.jpg,Patterns_and_Ethnic
Img1374.jpg,Comics_and_Cartoons
Img1376.jpg,Signs_and_Symbols
Img1384.jpg,Signs_and_Symbols
Img1388.jpg,Signs_and_Symbols
Img1389.jpg,Signs_and_Symbols
Img1396.jpg,Signs_and_Symbols
Img13.jpg,Comics_and_Cartoons
Img1402.jpg,Sports
Img1406.jpg,Comics_and_Cartoons
Img140.jpg,Patterns_and_Ethnic
Img1413.jpg,Comics_and_Cartoons
Img1415.jpg,Patterns_and_Ethnic
Img1420.jpg,Signs_and_Symbols
Img1425.jpg,Music
Img1432.jpg,Signs_and_Symbols
Img1434.jpg,Spiritual
Img143.jpg,Patterns_and_Ethnic
Img1442.jpg,Typography
Img1447.jpg,Patterns_and_Ethnic
Img1448.jpg,Spiritual
Img144.jpg,Patterns_and_Ethnic
Img1457.jpg,Comics_and_Cartoons
Img1460.jpg,Graffiti_and_Illustrations
Img1461.jpg,Graffiti_and_Illustrations
Img1470.jpg,Patterns_and_Ethnic
Img1476.jpg,Nature
Img1480.jpg,Graffiti_and_Illustrations
Img1487.jpg,No_Theme
Img1488.jpg,Nature
Img1490.jpg,Patterns_and_Ethnic
Img1499.jpg,Graffiti_and_Illustrations
Img149.jpg,Spiritual
Img1503.jpg,Graffiti_and_Illustrations
Img1505.jpg,Graffiti_and_Illustrations
Img1507.jpg,Patterns_and_Ethnic
Img1516.jpg,Signs_and_Symbols
Img1519.jpg,Graffiti_and_Illustrations
Img1525.jpg,Graffiti_and_Illustrations
Img1535.jpg,Nature
Img1546.jpg,Automobile
Img1547.jpg,Automobile
Img1553.jpg,Graffiti_and_Illustrations
Img1566.jpg,Graffiti_and_Illustrations
Img1573.jpg,Graffiti_and_Illustrations
Img1574.jpg,Nature
Img1576.jpg,Patterns_and_Ethnic
Img1587.jpg,Comics_and_Cartoons
Img158.jpg,Patterns_and_Ethnic
Img1596.jpg,Nature
Img1599.jpg,Festivals_and_Occasions
Img159.jpg,Patterns_and_Ethnic
Img15.jpg,Patterns_and_Ethnic
Img1601.jpg,Automobile
Img1609.jpg,Spiritual
Img1612.jpg,Graffiti_and_Illustrations
Img1615.jpg,Graffiti_and_Illustrations
Img1620.jpg,Nature
Img1622.jpg,Nature
Img1625.jpg,Graffiti_and_Illustrations
Img1630.jpg,Festivals_and_Occasions
Img1637.jpg,Nature
Img1646.jpg,Graffiti_and_Illustrations
Img1649.jpg,Comics_and_Cartoons
Img1650.jpg,Signs_and_Symbols
Img1656.jpg,Patterns_and_Ethnic
Img1658.jpg,Graffiti_and_Illustrations
Img1666.jpg,Graffiti_and_Illustrations
Img1667.jpg,Automobile
Img1670.jpg,Famous_Personalities
Img1676.jpg,Festivals_and_Occasions
Img167.jpg,Patterns_and_Ethnic
Img1693.jpg,Graffiti_and_Illustrations
Img169.jpg,Patterns_and_Ethnic
Img1702.jpg,Typography
Img1703.jpg,Graffiti_and_Illustrations
Img1707.jpg,Typography
Img1721.jpg,Graffiti_and_Illustrations
Img172.jpg,Patterns_and_Ethnic
Img1730.jpg,Typography
Img1734.jpg,Patterns_and_Ethnic
Img1736.jpg,Comics_and_Cartoons
Img1746.jpg,Graffiti_and_Illustrations
Img1747.jpg,Graffiti_and_Illustrations
Img1757.jpg,Graffiti_and_Illustrations
Img1759.jpg,Automobile
Img1762.jpg,Graffiti_and_Illustrations
Img1763.jpg,Graffiti_and_Illustrations
Img1767.jpg,Signs_and_Symbols
Img1771.jpg,Movies_and_TV_shows
Img1784.jpg,Graffiti_and_Illustrations
Img1788.jpg,Patterns_and_Ethnic
Img1790.jpg,Patterns_and_Ethnic
Img1798.jpg,Graffiti_and_Illustrations
Img1800.jpg,Graffiti_and_Illustrations
Img1806.jpg,Graffiti_and_Illustrations
Img1818.jpg,Patterns_and_Ethnic
Img1821.jpg,Patterns_and_Ethnic
Img1822.jpg,Graffiti_and_Illustrations
Img1828.jpg,Patterns_and_Ethnic
Img1831.jpg,Patterns_and_Ethnic
Img1833.jpg,Patterns_and_Ethnic
Img1844.jpg,Patterns_and_Ethnic
Img1848.jpg,Patterns_and_Ethnic
Img184.jpg,Typography
Img1863.jpg,Typography
Img1865.jpg,Patterns_and_Ethnic
Img186.jpg,Comics_and_Cartoons
Img1872.jpg,Patterns_and_Ethnic
Img1887.jpg,Typography
Img1892.jpg,Typography
Img1895.jpg,Typography
Img1899.jpg,Typography
Img18.jpg,Comics_and_Cartoons
Img1903.jpg,Typography
Img1904.jpg,Typography
Img1907.jpg,Typography
Img1911.jpg,Typography
Img1920.jpg,Typography
Img1921.jpg,Typography
Img1935.jpg,Typography
Img1936.jpg,Typography
Img1939.jpg,Typography
Img1942.jpg,Typography
Img1949.jpg,Typography
Img1951.jpg,Typography
Img1963.jpg,Patterns_and_Ethnic
Img1964.jpg,Patterns_and_Ethnic
Img1967.jpg,Patterns_and_Ethnic
Img1974.jpg,Spiritual
Img1980.jpg,Signs_and_Symbols
Img1982.jpg,Patterns_and_Ethnic
Img1988.jpg,Patterns_and_Ethnic
Img1999.jpg,Patterns_and_Ethnic
Img1.jpg,Comics_and_Cartoons
Img2015.jpg,Patterns_and_Ethnic
Img2018.jpg,Patterns_and_Ethnic
Img2022.jpg,Typography
Img2030.jpg,Typography
Img2040.jpg,Typography
Img2047.jpg,Typography
Img204.jpg,Typography
Img2054.jpg,Typography
Img2065.jpg,Typography
Img2071.jpg,Typography
Img2079.jpg,Typography
Img2090.jpg,Typography
Img2092.jpg,Typography
Img2095.jpg,Typography
Img2097.jpg,Typography
Img2104.jpg,Typography
Img210.jpg,Typography
Img2124.jpg,Patterns_and_Ethnic
Img2126.jpg,Typography
Img2129.jpg,Spiritual
Img2132.jpg,Patterns_and_Ethnic
Img2134.jpg,Patterns_and_Ethnic
Img213.jpg,Automobile
Img2140.jpg,Patterns_and_Ethnic
Img2149.jpg,Patterns_and_Ethnic
Img2152.jpg,Patterns_and_Ethnic
Img2157.jpg,Patterns_and_Ethnic
Img2176.jpg,Patterns_and_Ethnic
Img2182.jpg,Typography
Img2186.jpg,Typography
Img2193.jpg,Typography
Img219.jpg,Spiritual
Img2201.jpg,Typography
Img2210.jpg,Typography
Img2213.jpg,Typography
Img2218.jpg,Typography
Img2221.jpg,Typography
Img2223.jpg,Typography
Img2232.jpg,Typography
Img2234.jpg,Typography
Img2237.jpg,Typography
Img2240.jpg,Typography
Img2245.jpg,Typography
Img2246.jpg,Typography
Img224.jpg,Patterns_and_Ethnic
Img2263.jpg,Patterns_and_Ethnic
Img2274.jpg,Spiritual
Img2280.jpg,Patterns_and_Ethnic
Img2281.jpg,Patterns_and_Ethnic
Img2288.jpg,Patterns_and_Ethnic
Img2300.jpg,Spiritual
Img2307.jpg,Patterns_and_Ethnic
Img2316.jpg,Typography
Img2328.jpg,Typography
Img2335.jpg,Typography
Img2345.jpg,Typography
Img2349.jpg,Typography
Img2352.jpg,Vintage
Img2357.jpg,Nature
Img2367.jpg,Spiritual
Img2380.jpg,No_Theme
Img2392.jpg,Comics_and_Cartoons
Img2394.jpg,No_Theme
Img2395.jpg,No_Theme
Img2398.jpg,No_Theme
Img240.jpg,Typography
Img2411.jpg,No_Theme
Img2413.jpg,No_Theme
Img2417.jpg,Typography
Img241.jpg,Patterns_and_Ethnic
Img2424.jpg,No_Theme
Img2430.jpg,No_Theme
Img2434.jpg,Signs_and_Symbols
Img2437.jpg,Signs_and_Symbols
Img2438.jpg,No_Theme
Img2447.jpg,No_Theme
Img244.jpg,Patterns_and_Ethnic
Img2454.jpg,No_Theme
Img2461.jpg,No_Theme
Img2463.jpg,Nature
Img2464.jpg,Patterns_and_Ethnic
Img2465.jpg,Patterns_and_Ethnic
Img2470.jpg,No_Theme
Img2472.jpg,Nature
Img2488.jpg,Music
Img2491.jpg,Nature
Img2495.jpg,Comics_and_Cartoons
Img2498.jpg,Music
Img2499.jpg,Patterns_and_Ethnic
Img2501.jpg,Nature
Img2504.jpg,No_Theme
Img2505.jpg,Festivals_and_Occasions
Img2512.jpg,Patterns_and_Ethnic
Img2515.jpg,Nature
Img2531.jpg,Nature
Img2532.jpg,No_Theme
Img2552.jpg,No_Theme
Img2553.jpg,Typography
Img2560.jpg,Patterns_and_Ethnic
Img2568.jpg,No_Theme
Img2569.jpg,No_Theme
Img2570.jpg,No_Theme
Img2572.jpg,No_Theme
Img2583.jpg,No_Theme
Img2586.jpg,Typography
Img2588.jpg,Patterns_and_Ethnic
Img2596.jpg,No_Theme
Img2605.jpg,No_Theme
Img2611.jpg,Nature
Img2614.jpg,Nature
Img2625.jpg,No_Theme
Img2631.jpg,Patterns_and_Ethnic
Img2633.jpg,Nature
Img2635.jpg,No_Theme
Img2644.jpg,No_Theme
Img2645.jpg,No_Theme
Img2647.jpg,No_Theme
Img2650.jpg,Patterns_and_Ethnic
Img2651.jpg,Nature
Img2660.jpg,No_Theme
Img2670.jpg,No_Theme
Img2673.jpg,Festivals_and_Occasions
Img2675.jpg,No_Theme
Img2678.jpg,Nature
Img2687.jpg,No_Theme
Img2693.jpg,Typography
Img2697.jpg,No_Theme
Img2705.jpg,No_Theme
Img2711.jpg,Music
Img2722.jpg,Typography
Img2723.jpg,No_Theme
Img2732.jpg,Vintage
Img2735.jpg,Patterns_and_Ethnic
Img2737.jpg,No_Theme
Img2744.jpg,Vintage
Img2747.jpg,No_Theme
Img2754.jpg,No_Theme
Img2757.jpg,No_Theme
Img2764.jpg,Patterns_and_Ethnic
Img277.jpg,Spiritual
Img2786.jpg,Sports
Img278.jpg,Spiritual
Img2792.jpg,Movies_and_TV_shows
Img2793.jpg,No_Theme
Img2809.jpg,Nature
Img2814.jpg,No_Theme
Img2819.jpg,Nature
Img2829.jpg,No_Theme
Img2831.jpg,Superheroes
Img2833.jpg,Nature
Img2843.jpg,No_Theme
Img2845.jpg,No_Theme
Img2846.jpg,Festivals_and_Occasions
Img2851.jpg,No_Theme
Img2855.jpg,No_Theme
Img2870.jpg,Nature
Img2873.jpg,Patterns_and_Ethnic
Img2876.jpg,No_Theme
Img2882.jpg,Famous_Personalities
Img2887.jpg,No_Theme
Img2895.jpg,Famous_Personalities
Img2898.jpg,No_Theme
Img289.jpg,Typography
Img2910.jpg,No_Theme
Img2916.jpg,Nature
Img2918.jpg,No_Theme
Img2924.jpg,Nature
Img2928.jpg,Comics_and_Cartoons
Img2929.jpg,Comics_and_Cartoons
Img2935.jpg,No_Theme
Img2940.jpg,No_Theme
Img294.jpg,Typography
Img2951.jpg,Nature
Img2960.jpg,No_Theme
Img2967.jpg,Nature
Img2970.jpg,No_Theme
Img2973.jpg,No_Theme
Img297.jpg,Typography
Img2986.jpg,Nature
Img298.jpg,Typography
Img2991.jpg,No_Theme
Img29.jpg,Comics_and_Cartoons
Img3007.jpg,No_Theme
Img300.jpg,Typography
Img3020.jpg,No_Theme
Img3028.jpg,No_Theme
Img3036.jpg,Comics_and_Cartoons
Img3042.jpg,No_Theme
Img3045.jpg,No_Theme
Img3046.jpg,No_Theme
Img3065.jpg,No_Theme
Img3068.jpg,Nature
Img3071.jpg,Automobile
Img3076.jpg,Nature
Img3086.jpg,Patterns_and_Ethnic
Img3092.jpg,Signs_and_Symbols
Img3099.jpg,No_Theme
Img3103.jpg,Comics_and_Cartoons
Img3104.jpg,No_Theme
Img3111.jpg,No_Theme
Img3117.jpg,Typography
Img3121.jpg,Patterns_and_Ethnic
Img3122.jpg,Patterns_and_Ethnic
Img3123.jpg,No_Theme
Img3131.jpg,Sports
Img3134.jpg,Typography
Img3139.jpg,No_Theme
Img3149.jpg,No_Theme
Img3161.jpg,Comics_and_Cartoons
Img3163.jpg,Nature
Img316.jpg,Typography
Img3170.jpg,Comics_and_Cartoons
Img3176.jpg,Typography
Img3178.jpg,Nature
Img3180.jpg,Nature
Img3188.jpg,Patterns_and_Ethnic
Img3190.jpg,Signs_and_Symbols
Img31.jpg,Comics_and_Cartoons
Img3204.jpg,Nature
Img3206.jpg,No_Theme
Img3209.jpg,Typography
Img3210.jpg,Nature
Img3215.jpg,Nature
Img3216.jpg,No_Theme
Img321.jpg,Typography
Img3228.jpg,Nature
Img3238.jpg,Festivals_and_Occasions
Img3239.jpg,No_Theme
Img3241.jpg,No_Theme
Img324.jpg,Typography
Img3257.jpg,No_Theme
Img3258.jpg,Nature
Img325.jpg,Typography
Img3260.jpg,Nature
Img3264.jpg,No_Theme
Img3272.jpg,Nature
Img3275.jpg,No_Theme
Img3278.jpg,Famous_Personalities
Img3285.jpg,Nature
Img3286.jpg,No_Theme
Img3289.jpg,Signs_and_Symbols
Img3305.jpg,Movies_and_TV_shows
Img3311.jpg,Nature
Img3325.jpg,Automobile
Img3332.jpg,Patterns_and_Ethnic
Img3341.jpg,No_Theme
Img3348.jpg,Patterns_and_Ethnic
Img3354.jpg,No_Theme
Img3358.jpg,No_Theme
Img336.jpg,Typography
Img3370.jpg,Nature
Img3376.jpg,Nature
Img3378.jpg,No_Theme
Img3379.jpg,Comics_and_Cartoons
Img337.jpg,Typography
Img3391.jpg,Festivals_and_Occasions
Img3392.jpg,No_Theme
Img3400.jpg,Movies_and_TV_shows
Img3405.jpg,No_Theme
Img3406.jpg,Patterns_and_Ethnic
Img3408.jpg,Festivals_and_Occasions
Img3410.jpg,Patterns_and_Ethnic
Img3412.jpg,Patterns_and_Ethnic
Img3416.jpg,No_Theme
Img341.jpg,Typography
Img3432.jpg,Nature
Img3433.jpg,No_Theme
Img3435.jpg,No_Theme
Img3441.jpg,Nature
Img3442.jpg,Patterns_and_Ethnic
Img3446.jpg,No_Theme
Img3451.jpg,No_Theme
Img345.jpg,Typography
Img3460.jpg,Patterns_and_Ethnic
Img3468.jpg,No_Theme
Img347.jpg,Patterns_and_Ethnic
Img3481.jpg,No_Theme
Img3489.jpg,No_Theme
Img3491.jpg,No_Theme
Img3503.jpg,Patterns_and_Ethnic
Img3504.jpg,Patterns_and_Ethnic
Img3512.jpg,No_Theme
Img3516.jpg,No_Theme
Img3527.jpg,No_Theme
Img3530.jpg,No_Theme
Img3536.jpg,No_Theme
Img3537.jpg,No_Theme
Img3545.jpg,No_Theme
Img3547.jpg,No_Theme
Img3549.jpg,No_Theme
Img3551.jpg,No_Theme
Img3555.jpg,No_Theme
Img3559.jpg,No_Theme
Img3565.jpg,No_Theme
Img3578.jpg,No_Theme
Img3583.jpg,No_Theme
Img3585.jpg,No_Theme
Img3608.jpg,No_Theme
Img3611.jpg,Typography
Img3619.jpg,No_Theme
Img3628.jpg,No_Theme
Img3633.jpg,No_Theme
Img363.jpg,Patterns_and_Ethnic
Img3647.jpg,No_Theme
Img364.jpg,Patterns_and_Ethnic
Img3655.jpg,No_Theme
Img3658.jpg,No_Theme
Img3663.jpg,No_Theme
Img3668.jpg,No_Theme
Img3670.jpg,No_Theme
Img3672.jpg,No_Theme
Img3674.jpg,No_Theme
Img3685.jpg,No_Theme
Img3695.jpg,No_Theme
Img3698.jpg,No_Theme
Img369.jpg,Comics_and_Cartoons
Img36.jpg,Comics_and_Cartoons
Img3702.jpg,No_Theme
Img371.jpg,Comics_and_Cartoons
Img3725.jpg,No_Theme
Img3726.jpg,No_Theme
Img3729.jpg,No_Theme
Img3736.jpg,Signs_and_Symbols
Img3752.jpg,Comics_and_Cartoons
Img375.jpg,Patterns_and_Ethnic
Img3765.jpg,Nature
Img3769.jpg,Patterns_and_Ethnic
Img376.jpg,Patterns_and_Ethnic
Img3773.jpg,Comics_and_Cartoons
Img3784.jpg,Graffiti_and_Illustrations
Img3789.jpg,Graffiti_and_Illustrations
Img3791.jpg,Graffiti_and_Illustrations
Img3793.jpg,Graffiti_and_Illustrations
Img3794.jpg,Nature
Img3796.jpg,Nature
Img3797.jpg,Patterns_and_Ethnic
Img3798.jpg,Patterns_and_Ethnic
Img3803.jpg,Graffiti_and_Illustrations
Img3807.jpg,Graffiti_and_Illustrations
Img3817.jpg,Nature
Img3818.jpg,Patterns_and_Ethnic
Img381.jpg,Comics_and_Cartoons
Img3823.jpg,Comics_and_Cartoons
Img3824.jpg,Festivals_and_Occasions
Img3832.jpg,Movies_and_TV_shows
Img3838.jpg,Movies_and_TV_shows
Img383.jpg,Patterns_and_Ethnic
Img3841.jpg,Signs_and_Symbols
Img3845.jpg,Signs_and_Symbols
Img3854.jpg,Graffiti_and_Illustrations
Img3856.jpg,Graffiti_and_Illustrations
Img3859.jpg,Graffiti_and_Illustrations
Img385.jpg,Automobile
Img3860.jpg,Graffiti_and_Illustrations
Img3861.jpg,Patterns_and_Ethnic
Img3863.jpg,Graffiti_and_Illustrations
Img3867.jpg,Signs_and_Symbols
Img3871.jpg,Patterns_and_Ethnic
Img3879.jpg,Graffiti_and_Illustrations
Img3905.jpg,Nature
Img3907.jpg,Nature
Img392.jpg,Signs_and_Symbols
Img3930.jpg,Famous_Personalities
Img3932.jpg,Comics_and_Cartoons
Img3951.jpg,Superheroes
Img3975.jpg,Nature
Img3976.jpg,Nature
Img3978.jpg,Automobile
Img3980.jpg,Comics_and_Cartoons
Img3988.jpg,Superheroes
Img398.jpg,Patterns_and_Ethnic
Img3991.jpg,Automobile
Img3996.jpg,Movies_and_TV_shows
Img3997.jpg,Patterns_and_Ethnic
Img399.jpg,Patterns_and_Ethnic
Img4001.jpg,Patterns_and_Ethnic
Img4016.jpg,Movies_and_TV_shows
Img4019.jpg,Patterns_and_Ethnic
Img4027.jpg,Comics_and_Cartoons
Img4029.jpg,Nature
Img4030.jpg,Movies_and_TV_shows
Img4032.jpg,Nature
Img4034.jpg,Automobile
Img4042.jpg,Graffiti_and_Illustrations
Img4043.jpg,Comics_and_Cartoons
Img4045.jpg,Signs_and_Symbols
Img404.jpg,Festivals_and_Occasions
Img4050.jpg,Sports
Img4051.jpg,Patterns_and_Ethnic
Img4056.jpg,Graffiti_and_Illustrations
Img4058.jpg,Graffiti_and_Illustrations
Img4068.jpg,Comics_and_Cartoons
Img4069.jpg,Comics_and_Cartoons
Img4080.jpg,Comics_and_Cartoons
Img4097.jpg,Patterns_and_Ethnic
Img4098.jpg,Patterns_and_Ethnic
Img4104.jpg,Comics_and_Cartoons
Img4118.jpg,Patterns_and_Ethnic
Img411.jpg,Typography
Img4124.jpg,Comics_and_Cartoons
Img412.jpg,Patterns_and_Ethnic
Img4132.jpg,Comics_and_Cartoons
Img4138.jpg,Graffiti_and_Illustrations
Img4143.jpg,Graffiti_and_Illustrations
Img4154.jpg,Movies_and_TV_shows
Img4162.jpg,Music
Img4163.jpg,Music
Img4168.jpg,Patterns_and_Ethnic
Img4176.jpg,Patterns_and_Ethnic
Img4179.jpg,Patterns_and_Ethnic
Img4181.jpg,Patterns_and_Ethnic
Img4186.jpg,Sports
Img4195.jpg,Signs_and_Symbols
Img4197.jpg,Movies_and_TV_shows
Img4199.jpg,Music
Img41.jpg,Signs_and_Symbols
Img4200.jpg,Music
Img4204.jpg,Movies_and_TV_shows
Img4205.jpg,Typography
Img4211.jpg,No_Theme
Img4216.jpg,Signs_and_Symbols
Img421.jpg,Signs_and_Symbols
Img4222.jpg,Nature
Img4224.jpg,Comics_and_Cartoons
Img4231.jpg,Patterns_and_Ethnic
Img4232.jpg,Signs_and_Symbols
Img4236.jpg,Vintage
Img4237.jpg,Comics_and_Cartoons
Img423.jpg,Typography
Img4243.jpg,Patterns_and_Ethnic
Img4250.jpg,Patterns_and_Ethnic
Img4255.jpg,Patterns_and_Ethnic
Img4259.jpg,Vintage
Img4261.jpg,Nature
Img4263.jpg,Nature
Img4264.jpg,Vintage
Img4271.jpg,Famous_Personalities
Img4274.jpg,Famous_Personalities
Img4276.jpg,Signs_and_Symbols
Img4277.jpg,Signs_and_Symbols
Img427.jpg,Typography
Img4284.jpg,Comics_and_Cartoons
Img4293.jpg,Patterns_and_Ethnic
Img4299.jpg,Nature
Img429.jpg,Typography
Img4312.jpg,Signs_and_Symbols
Img4314.jpg,Festivals_and_Occasions
Img4318.jpg,Signs_and_Symbols
Img4320.jpg,Movies_and_TV_shows
Img4321.jpg,Movies_and_TV_shows
Img4330.jpg,Movies_and_TV_shows
Img4333.jpg,Graffiti_and_Illustrations
Img4334.jpg,Graffiti_and_Illustrations
Img4336.jpg,Nature
Img4346.jpg,Movies_and_TV_shows
Img4354.jpg,Patterns_and_Ethnic
Img4363.jpg,Movies_and_TV_shows
Img4364.jpg,Nature
Img4368.jpg,Movies_and_TV_shows
Img4371.jpg,Nature
Img437.jpg,Typography
Img4385.jpg,Patterns_and_Ethnic
Img4396.jpg,Nature
Img4406.jpg,Graffiti_and_Illustrations
Img4409.jpg,Nature
Img4413.jpg,Patterns_and_Ethnic
Img441.jpg,Typography
Img4421.jpg,Vintage
Img4426.jpg,Nature
Img4446.jpg,Movies_and_TV_shows
Img444.jpg,Typography
Img4451.jpg,Nature
Img445.jpg,Typography
Img4464.jpg,Nature
Img4470.jpg,Nature
Img447.jpg,Typography
Img4481.jpg,Movies_and_TV_shows
Img4489.jpg,Automobile
Img4490.jpg,Patterns_and_Ethnic
Img4495.jpg,Nature
Img4496.jpg,Movies_and_TV_shows
Img4498.jpg,Comics_and_Cartoons
Img4501.jpg,Movies_and_TV_shows
Img4506.jpg,Movies_and_TV_shows
Img450.jpg,Typography
Img4515.jpg,Nature
Img4537.jpg,Nature
Img4544.jpg,Signs_and_Symbols
Img4545.jpg,Signs_and_Symbols
Img4546.jpg,Graffiti_and_Illustrations
Img4549.jpg,Nature
Img4555.jpg,Nature
Img4557.jpg,Movies_and_TV_shows
Img455.jpg,Typography
Img4581.jpg,Nature
Img4584.jpg,Festivals_and_Occasions
Img4590.jpg,Movies_and_TV_shows
Img4591.jpg,Nature
Img4599.jpg,Nature
Img4608.jpg,Nature
Img4614.jpg,Movies_and_TV_shows
Img4617.jpg,Signs_and_Symbols
Img4618.jpg,Automobile
Img4621.jpg,Nature
Img4622.jpg,Movies_and_TV_shows
Img4632.jpg,Movies_and_TV_shows
Img4635.jpg,Nature
Img4643.jpg,Nature
Img4646.jpg,Signs_and_Symbols
Img4649.jpg,Comics_and_Cartoons
Img4651.jpg,Comics_and_Cartoons
Img4667.jpg,Patterns_and_Ethnic
Img4669.jpg,Comics_and_Cartoons
Img4672.jpg,Comics_and_Cartoons
Img4674.jpg,Famous_Personalities
Img4684.jpg,Nature
Img468.jpg,Typography
Img4691.jpg,Comics_and_Cartoons
Img4696.jpg,Automobile
Img4698.jpg,Automobile
Img469.jpg,Typography
Img4701.jpg,Comics_and_Cartoons
Img4713.jpg,Automobile
Img4721.jpg,Comics_and_Cartoons
Img4726.jpg,Graffiti_and_Illustrations
Img4731.jpg,Signs_and_Symbols
Img4742.jpg,Movies_and_TV_shows
Img4749.jpg,Nature
Img474.jpg,Typography
Img4751.jpg,Comics_and_Cartoons
Img4771.jpg,Nature
Img4772.jpg,Automobile
Img4783.jpg,Nature
Img4784.jpg,Patterns_and_Ethnic
Img4796.jpg,Nature
Img4800.jpg,Nature
Img4801.jpg,Automobile
Img4803.jpg,Comics_and_Cartoons
Img4807.jpg,Nature
Img4812.jpg,Nature
Img4835.jpg,Signs_and_Symbols
Img4837.jpg,Nature
Img4844.jpg,Superheroes
Img4847.jpg,Nature
Img4849.jpg,Nature
Img484.jpg,Typography
Img4852.jpg,Nature
Img4856.jpg,Nature
Img4873.jpg,Nature
Img4874.jpg,Nature
Img4877.jpg,Signs_and_Symbols
Img4879.jpg,Patterns_and_Ethnic
Img487.jpg,Typography
Img4881.jpg,Festivals_and_Occasions
Img4895.jpg,Movies_and_TV_shows
Img4905.jpg,Automobile
Img4908.jpg,Sports
Img4909.jpg,Sports
Img4917.jpg,Movies_and_TV_shows
Img4923.jpg,Nature
Img4925.jpg,Nature
Img4941.jpg,Comics_and_Cartoons
Img4954.jpg,Movies_and_TV_shows
Img4966.jpg,Nature
Img4967.jpg,Nature
Img4968.jpg,Signs_and_Symbols
Img4974.jpg,Automobile
Img4981.jpg,Festivals_and_Occasions
Img4984.jpg,Automobile
Img4990.jpg,Typography
Img4994.jpg,Comics_and_Cartoons
Img5017.jpg,Nature
Img5018.jpg,Nature
Img5026.jpg,Graffiti_and_Illustrations
Img502.jpg,Typography
Img5032.jpg,Nature
Img5039.jpg,Movies_and_TV_shows
Img5043.jpg,Nature
Img5044.jpg,Nature
Img5059.jpg,Nature
Img5078.jpg,Typography
Img5079.jpg,Typography
Img5081.jpg,Nature
Img5086.jpg,Nature
Img5092.jpg,Comics_and_Cartoons
Img5097.jpg,Comics_and_Cartoons
Img5098.jpg,Comics_and_Cartoons
Img5100.jpg,Nature
Img5104.jpg,Nature
Img5113.jpg,Comics_and_Cartoons
Img511.jpg,Patterns_and_Ethnic
Img5121.jpg,Nature
Img5122.jpg,Nature
Img5144.jpg,Nature
Img516.jpg,Comics_and_Cartoons
Img5171.jpg,Patterns_and_Ethnic
Img517.jpg,Patterns_and_Ethnic
Img5187.jpg,Patterns_and_Ethnic
Img5190.jpg,Patterns_and_Ethnic
Img51.jpg,Patterns_and_Ethnic
Img5206.jpg,No_Theme
Img5214.jpg,Signs_and_Symbols
Img5215.jpg,Signs_and_Symbols
Img5218.jpg,Superheroes
Img5229.jpg,Comics_and_Cartoons
Img5247.jpg,Patterns_and_Ethnic
Img5263.jpg,Patterns_and_Ethnic
Img5265.jpg,Signs_and_Symbols
Img5299.jpg,Patterns_and_Ethnic
Img5305.jpg,Signs_and_Symbols
Img531.jpg,Patterns_and_Ethnic
Img5333.jpg,Superheroes
Img5335.jpg,Signs_and_Symbols
Img5350.jpg,Patterns_and_Ethnic
Img5352.jpg,Patterns_and_Ethnic
Img5356.jpg,Signs_and_Symbols
Img5367.jpg,Comics_and_Cartoons
Img5378.jpg,Comics_and_Cartoons
Img537.jpg,Patterns_and_Ethnic
Img5386.jpg,Comics_and_Cartoons
Img5401.jpg,Patterns_and_Ethnic
Img5403.jpg,Comics_and_Cartoons
Img5406.jpg,Nature
Img5417.jpg,Comics_and_Cartoons
Img5418.jpg,Nature
Img5421.jpg,Patterns_and_Ethnic
Img5427.jpg,Patterns_and_Ethnic
Img5428.jpg,Patterns_and_Ethnic
Img5441.jpg,Patterns_and_Ethnic
Img5451.jpg,Vintage
Img5457.jpg,Sports
Img5465.jpg,Sports
Img5467.jpg,Sports
Img5471.jpg,Sports
Img5479.jpg,Sports
Img5480.jpg,Sports
Img5494.jpg,Famous_Personalities
Img54.jpg,Automobile
Img5501.jpg,Famous_Personalities
Img5503.jpg,Famous_Personalities
Img5505.jpg,Famous_Personalities
Img5510.jpg,Famous_Personalities
Img5511.jpg,Famous_Personalities
Img5513.jpg,Famous_Personalities
Img5515.jpg,Famous_Personalities
Img5518.jpg,Famous_Personalities
Img551.jpg,Signs_and_Symbols
Img5520.jpg,Famous_Personalities
Img5527.jpg,Superheroes
Img5533.jpg,Superheroes
Img5535.jpg,Superheroes
Img5536.jpg,Movies_and_TV_shows
Img5540.jpg,Comics_and_Cartoons
Img5547.jpg,Nature
Img5549.jpg,Comics_and_Cartoons
Img5550.jpg,Movies_and_TV_shows
Img5564.jpg,Famous_Personalities
Img5565.jpg,Nature
Img5567.jpg,Spiritual
Img5568.jpg,Spiritual
Img5574.jpg,Signs_and_Symbols
Img5582.jpg,Famous_Personalities
Img5589.jpg,Automobile
Img5594.jpg,Famous_Personalities
Img5597.jpg,Comics_and_Cartoons
Img5603.jpg,Movies_and_TV_shows
Img5605.jpg,Movies_and_TV_shows
Img5609.jpg,Typography
Img5611.jpg,Patterns_and_Ethnic
Img5616.jpg,Superheroes
Img5626.jpg,Nature
Img5631.jpg,Nature
Img5641.jpg,Typography
Img5644.jpg,Vintage
Img5645.jpg,No_Theme
Img5649.jpg,Famous_Personalities
Img5653.jpg,Signs_and_Symbols
Img5659.jpg,Vintage
Img5660.jpg,Sports
Img5664.jpg,Famous_Personalities
Img5691.jpg,Typography
Img5699.jpg,Superheroes
Img5709.jpg,Sports
Img5710.jpg,Comics_and_Cartoons
Img5715.jpg,Signs_and_Symbols
Img5723.jpg,Comics_and_Cartoons
Img5724.jpg,Patterns_and_Ethnic
Img5726.jpg,Patterns_and_Ethnic
Img5728.jpg,Patterns_and_Ethnic
Img5736.jpg,Comics_and_Cartoons
Img5737.jpg,Comics_and_Cartoons
Img5745.jpg,Typography
Img5757.jpg,Typography
Img575.jpg,Patterns_and_Ethnic
Img5765.jpg,Patterns_and_Ethnic
Img5766.jpg,Patterns_and_Ethnic
Img5775.jpg,Sports
Img5779.jpg,Superheroes
Img577.jpg,Signs_and_Symbols
Img5781.jpg,Movies_and_TV_shows
Img5783.jpg,Famous_Personalities
Img5787.jpg,Signs_and_Symbols
Img578.jpg,Signs_and_Symbols
Img5803.jpg,Comics_and_Cartoons
Img5804.jpg,Signs_and_Symbols
Img5824.jpg,Famous_Personalities
Img5841.jpg,Signs_and_Symbols
Img5847.jpg,Famous_Personalities
Img5848.jpg,Famous_Personalities
Img584.jpg,Signs_and_Symbols
Img5871.jpg,Vintage
Img5875.jpg,Famous_Personalities
Img5876.jpg,Famous_Personalities
Img5879.jpg,Sports
Img5886.jpg,Signs_and_Symbols
Img5888.jpg,Comics_and_Cartoons
Img588.jpg,Patterns_and_Ethnic
Img5910.jpg,Famous_Personalities
Img5918.jpg,Famous_Personalities
Img5919.jpg,Famous_Personalities
Img5929.jpg,Signs_and_Symbols
Img5936.jpg,Superheroes
Img5939.jpg,Famous_Personalities
Img5942.jpg,Comics_and_Cartoons
Img5949.jpg,Spiritual
Img594.jpg,Typography
Img5951.jpg,Movies_and_TV_shows
Img5955.jpg,Sports
Img5956.jpg,Sports
Img5958.jpg,Superheroes
Img5959.jpg,Superheroes
Img595.jpg,Typography
Img5964.jpg,Famous_Personalities
Img5965.jpg,Famous_Personalities
Img5973.jpg,Movies_and_TV_shows
Img608.jpg,Typography
Img620.jpg,Typography
Img624.jpg,Typography
Img635.jpg,Patterns_and_Ethnic
Img638.jpg,Signs_and_Symbols
Img642.jpg,Signs_and_Symbols
Img646.jpg,Patterns_and_Ethnic
Img652.jpg,Automobile
Img655.jpg,Comics_and_Cartoons
Img65.jpg,Vintage
Img667.jpg,Signs_and_Symbols
Img678.jpg,Patterns_and_Ethnic
Img67.jpg,Signs_and_Symbols
Img681.jpg,Patterns_and_Ethnic
Img695.jpg,Signs_and_Symbols
Img6.jpg,Nature
Img702.jpg,Patterns_and_Ethnic
Img710.jpg,Typography
Img719.jpg,Typography
Img71.jpg,Patterns_and_Ethnic
Img722.jpg,Typography
Img730.jpg,Typography
Img731.jpg,Typography
Img732.jpg,Typography
Img736.jpg,Typography
Img7408.jpg,Music
Img7413.jpg,Superheroes
Img7414.jpg,Signs_and_Symbols
Img7416.jpg,Music
Img7417.jpg,Superheroes
Img7418.jpg,Nature
Img7428.jpg,Superheroes
Img7429.jpg,Famous_Personalities
Img7432.jpg,Superheroes
Img7440.jpg,Typography
Img7441.jpg,Patterns_and_Ethnic
Img7443.jpg,Superheroes
Img7444.jpg,Movies_and_TV_shows
Img7445.jpg,Famous_Personalities
Img7446.jpg,Superheroes
Img7448.jpg,Movies_and_TV_shows
Img744.jpg,Typography
Img7451.jpg,Movies_and_TV_shows
Img7453.jpg,Music
Img7524.jpg,Signs_and_Symbols
Img7547.jpg,Famous_Personalities
Img760.jpg,Patterns_and_Ethnic
Img761.jpg,Nature
Img766.jpg,Automobile
Img76.jpg,Typography
Img7719.jpg,Superheroes
Img7720.jpg,Superheroes
Img7721.jpg,Superheroes
Img7722.jpg,Superheroes
Img7723.jpg,Superheroes
Img7724.jpg,Movies_and_TV_shows
Img7725.jpg,Superheroes
Img7726.jpg,Superheroes
Img7727.jpg,Movies_and_TV_shows
Img7728.jpg,Nature
Img7730.jpg,Superheroes
Img7731.jpg,Superheroes
Img7732.jpg,Movies_and_TV_shows
Img7733.jpg,Movies_and_TV_shows
Img7734.jpg,Superheroes
Img7735.jpg,Superheroes
Img7736.jpg,Superheroes
Img7737.jpg,Superheroes
Img7738.jpg,Superheroes
Img7739.jpg,Superheroes
Img7742.jpg,Superheroes
Img7743.jpg,Superheroes
Img7744.jpg,Movies_and_TV_shows
Img7746.jpg,Superheroes
Img7749.jpg,Superheroes
Img7750.jpg,Movies_and_TV_shows
Img7751.jpg,Superheroes
Img7752.jpg,Superheroes
Img7754.jpg,Superheroes
Img7755.jpg,Superheroes
Img775.jpg,Music
Img776.jpg,Patterns_and_Ethnic
Img77.jpg,Typography
Img780.jpg,Patterns_and_Ethnic
Img782.jpg,Patterns_and_Ethnic
Img783.jpg,Patterns_and_Ethnic
Img784.jpg,Patterns_and_Ethnic
Img788.jpg,Patterns_and_Ethnic
Img791.jpg,Patterns_and_Ethnic
Img797.jpg,Patterns_and_Ethnic
Img805.jpg,Patterns_and_Ethnic
Img809.jpg,Signs_and_Symbols
Img8103.jpg,Patterns_and_Ethnic
Img8116.jpg,Patterns_and_Ethnic
Img8141.jpg,Patterns_and_Ethnic
Img8169.jpg,Vintage
Img8182.jpg,Movies_and_TV_shows
Img8183.jpg,Movies_and_TV_shows
Img8187.jpg,Movies_and_TV_shows
Img8195.jpg,Superheroes
Img819.jpg,Typography
Img829.jpg,Typography
Img835.jpg,Typography
Img839.jpg,Typography
Img840.jpg,Typography
Img843.jpg,Typography
Img846.jpg,Typography
Img8519.jpg,Nature
Img8520.jpg,Nature
Img8521.jpg,Nature
Img8522.jpg,Spiritual
Img8538.jpg,Nature
Img853.jpg,Typography
Img85.jpg,Patterns_and_Ethnic
Img8610.jpg,Nature
Img8611.jpg,Comics_and_Cartoons
Img8612.jpg,Nature
Img865.jpg,Typography
Img866.jpg,Typography
Img868.jpg,Typography
Img869.jpg,Typography
Img871.jpg,Typography
Img872.jpg,Typography
Img879.jpg,Patterns_and_Ethnic
Img87.jpg,Signs_and_Symbols
Img893.jpg,Patterns_and_Ethnic
Img895.jpg,Patterns_and_Ethnic
Img909.jpg,Typography
Img912.jpg,Typography
Img92.jpg,Typography
Img939.jpg,Patterns_and_Ethnic
Img954.jpg,Patterns_and_Ethnic
Img95.jpg,Typography
Img960.jpg,Signs_and_Symbols
Img963.jpg,Patterns_and_Ethnic
Img968.jpg,Patterns_and_Ethnic
Img971.jpg,Signs_and_Symbols
Img992.jpg,Patterns_and_Ethnic
Img993.jpg,Signs_and_Symbols
Img997.jpg,Nature
Img99.jpg,Typography
